Id,ClientID,ExerciseID,RotationID,DatePerformed,Weight,Sets,Reps,Intensity,Effort,Volume,FatigueIndex
1,1,14,2,8/27/2021,425,1,3,0.85,7,1275,0
2,1,14,2,8/27/2021,385,5,4,0.77,7,7700,1
3,1,25,2,8/27/2021,275,3,8,0.679012346,,6600,0
4,1,5,2,8/27/2021,205,1,1,0.745454545,7,205,0
5,1,5,2,8/27/2021,145,3,8,0.527272727,7,3480,1
6,1,20,2,8/27/2021,60,4,15,,,3600,0
7,1,18,2,8/27/2021,15,4,15,,,900,0
8,1,25,2,8/29/2021,365,1,1,0.901234568,7.5,365,0
9,1,25,2,8/29/2021,375,1,1,0.925925926,7.5,375,1
10,1,25,2,8/29/2021,335,4,4,0.827160494,7.5,5360,2
11,1,8,2,8/29/2021,55,3,15,,,2475,0
12,1,28,2,8/29/2021,150,1,7,0.666666667,7.5,1050,0
13,1,28,2,8/29/2021,135,3,9,0.6,6,3645,1
14,1,18,2,8/29/2021,17.5,3,15,,,787.5,0
15,1,24,2,8/29/2021,85,3,15,,,3825,0
16,1,9,2,8/29/2021,50,3,15,,,2250,0
17,1,38,2,8/30/2021,325,1,1,,7,325,0
18,1,38,2,8/30/2021,285,4,6,,7,6840,1
19,1,5,2,8/30/2021,190,1,4,0.690909091,7.5,760,0
20,1,5,2,8/30/2021,175,3,5,0.636363636,7.5,2625,1
21,1,5,2,8/30/2021,165,1,7,0.6,7.5,1155,2
22,1,29,2,8/30/2021,80,4,10,,,3200,0
23,1,22,2,8/30/2021,45,3,12,,,1620,0
24,1,46,2,8/30/2021,10,3,10,,,300,0
25,1,13,2,8/30/2021,0,3,15,,,0,0
26,1,33,2,8/12/2021,335,1,1,,,335,0
27,1,33,2,8/12/2021,260,3,8,,,6240,1
28,1,30,2,8/12/2021,145,1,6,,,870,0
29,1,30,2,8/12/2021,130,2,6,,,1560,1
30,1,10,2,8/12/2021,105,4,10,,,4200,0
31,1,37,2,8/12/2021,25,4,15,,,1500,0
32,1,41,2,8/12/2021,45,4,15,,,2700,0
33,1,35,2,8/12/2021,25,3,1,,,75,0
34,1,14,2,8/13/2021,405,1,3,0.81,6,1215,0
35,1,14,2,8/13/2021,365,3,4,0.73,6,4380,1
36,1,5,2,8/13/2021,200,1,1,0.727272727,6,200,0
37,1,5,2,8/13/2021,140,3,8,0.509090909,5,3360,1
38,1,25,2,8/13/2021,275,3,7,0.679012346,,5775,0
39,1,20,2,8/13/2021,60,4,12,,,2880,0
40,1,18,2,8/13/2021,15,4,15,,,900,0
41,1,25,2,8/15/2021,355,1,4,0.87654321,6,1420,0
42,1,25,2,8/15/2021,320,4,4,0.790123457,6,5120,1
43,1,28,2,8/15/2021,145,1,7,0.644444444,6.5,1015,0
44,1,28,2,8/15/2021,130,3,9,0.577777778,5,3510,1
45,1,18,2,8/15/2021,15,3,15,,,675,0
46,1,8,2,8/15/2021,45,3,15,,,2025,0
47,1,24,2,8/15/2021,75,3,15,,,3375,0
48,1,9,2,8/15/2021,35,3,20,,,2100,0
49,1,5,2,8/16/2021,180,1,4,0.654545455,6,720,0
50,1,5,2,8/16/2021,165,3,5,0.6,6,2475,1
51,1,5,2,8/16/2021,165,1,7,0.6,6,1155,2
52,1,38,2,8/16/2021,315,1,1,,6,315,0
53,1,38,2,8/16/2021,285,4,6,,6,6840,1
54,1,22,2,8/16/2021,40,4,12,,,1920,0
55,1,29,2,8/16/2021,80,5,10,,,4000,0
56,1,46,2,8/16/2021,10,3,10,,,300,0
57,1,13,2,8/16/2021,0,3,15,,,0,0
58,1,33,2,8/18/2021,350,1,1,,,350,0
59,1,33,2,8/18/2021,275,4,8,,,8800,1
60,1,30,2,8/18/2021,145,1,6,,,870,0
61,1,30,2,8/18/2021,30,3,6,,,540,1
62,1,10,2,8/18/2021,110,4,10,,,4400,0
63,1,37,2,8/18/2021,25,4,15,,,1500,0
64,1,41,2,8/18/2021,45,4,15,,,2700,0
65,1,35,2,8/18/2021,25,3,1,,,75,0
66,1,14,2,8/20/2021,405,1,3,0.81,6,1215,0
67,1,14,2,8/20/2021,365,5,4,0.73,6,7300,1
68,1,5,2,8/20/2021,200,1,1,0.727272727,6,200,0
69,1,5,2,8/20/2021,138,3,8,0.501818182,6,3312,1
70,1,25,2,8/20/2021,275,3,7,0.679012346,,5775,0
71,1,20,2,8/20/2021,60,4,12,,,2880,0
72,1,18,2,8/20/2021,15,4,15,,,900,0
73,1,25,2,8/22/2021,365,1,4,0.901234568,6.5,1460,0
74,1,25,2,8/22/2021,330,4,4,0.814814815,6.5,5280,1
75,1,28,2,8/22/2021,150,1,7,0.666666667,7,1050,0
76,1,28,2,8/22/2021,135,3,9,0.6,6,3645,1
77,1,18,2,8/22/2021,15,3,15,,,675,0
78,1,8,2,8/22/2021,45,3,15,,,2025,0
79,1,24,2,8/22/2021,75,3,15,,,3375,0
80,1,9,2,8/22/2021,35,3,20,,,2100,0
81,1,5,2,8/23/2021,180,1,4,0.654545455,6.5,720,0
82,1,5,2,8/23/2021,165,3,5,0.6,6.5,2475,1
83,1,5,2,8/23/2021,165,1,9,0.6,7,1485,2
84,1,38,2,8/23/2021,325,1,1,,7,325,0
85,1,38,2,8/23/2021,275,4,6,,7,6600,1
86,1,22,2,8/23/2021,45,4,12,,,2160,0
87,1,29,2,8/23/2021,80,5,10,,,4000,0
88,1,46,2,8/23/2021,10,3,10,,,300,0
89,1,13,2,8/23/2021,0,3,15,,,0,0
90,1,33,2,8/25/2021,325,1,1,,,325,0
91,1,25,2,8/25/2021,275,4,8,0.679012346,5.5,8800,0
92,1,30,2,8/25/2021,155,1,6,,,930,0
93,1,30,2,8/25/2021,135,3,6,,,2430,1
94,1,10,2,8/25/2021,110,4,10,,,4400,0
95,1,37,2,8/25/2021,0,4,15,,,0,0
96,1,41,2,8/25/2021,45,4,15,,,2700,0
97,1,33,2,9/1/2021,325,1,1,,,325,0
98,1,33,2,9/1/2021,260,2,8,,,4160,1
99,1,25,2,9/1/2021,260,2,8,0.641975309,,4160,0
100,1,30,2,9/1/2021,155,1,6,,,930,0
101,1,30,2,9/1/2021,135,3,6,,,2430,1
102,1,10,2,9/1/2021,110,4,10,,,4400,0
103,1,37,2,9/1/2021,0,4,15,,,0,0
104,1,41,2,9/1/2021,45,4,15,,,2700,0
105,1,25,2,9/5/2021,375,1,4,0.925925926,8.5,1500,0
106,1,25,2,9/5/2021,335,4,4,0.827160494,8,5360,1
107,1,28,2,9/5/2021,155,1,7,0.688888889,8,1085,0
108,1,28,2,9/5/2021,135,3,9,0.6,7,3645,1
109,1,18,2,9/5/2021,17.5,3,15,,,787.5,0
110,1,8,2,9/5/2021,65,3,15,,,2925,0
111,1,24,2,9/5/2021,90,3,15,,,4050,0
112,1,9,2,9/5/2021,57,3,20,,,3420,0
113,1,5,2,9/6/2021,195,1,4,0.709090909,8.5,780,0
114,1,5,2,9/6/2021,175,3,5,0.636363636,8,2625,1
115,1,5,2,9/6/2021,170,1,7,0.618181818,8,1190,2
116,1,16,2,9/6/2021,325,1,1,0.890410959,7,325,0
117,1,16,2,9/6/2021,285,4,6,0.780821918,7,6840,1
118,1,22,2,9/6/2021,45,3,12,,,1620,0
119,1,29,2,9/6/2021,70,5,10,,,3500,0
120,1,46,2,9/6/2021,10,3,10,,,300,0
121,1,13,2,9/6/2021,0,3,15,,,0,0
122,1,25,2,9/8/2021,325,1,2,0.802469136,6.5,650,0
123,1,25,2,9/8/2021,275,4,8,0.679012346,5,8800,1
124,1,30,2,9/8/2021,155,1,6,,,930,0
125,1,30,2,9/8/2021,135,3,6,,,2430,1
126,1,10,2,9/8/2021,110,4,10,,,4400,0
127,1,41,2,9/8/2021,45,4,15,,,2700,0
128,1,37,2,9/8/2021,0,4,15,,,0,0
129,1,14,2,9/10/2021,425,1,3,0.85,7.5,1275,0
130,1,14,2,9/10/2021,385,5,4,0.77,7.5,7700,1
131,1,25,2,9/10/2021,300,3,7,0.740740741,,6300,0
132,1,5,2,9/10/2021,205,1,1,0.745454545,7,205,0
133,1,5,2,9/10/2021,155,3,8,0.563636364,7,3720,1
134,1,20,2,9/10/2021,70,4,12,,,3360,0
135,1,18,2,9/10/2021,15,4,15,,,900,0
136,1,25,2,9/12/2021,385,1,3,0.950617284,9,1155,0
137,1,28,2,9/12/2021,155,1,7,0.688888889,8,1085,0
138,1,28,2,9/12/2021,135,3,9,0.6,8,3645,1
139,1,16,2,9/13/2021,335,1,1,0.917808219,8,335,0
140,1,16,2,9/13/2021,300,4,5,0.821917808,7.5,6000,1
141,1,25,2,9/13/2021,315,7,4,0.777777778,,8820,0
142,1,5,2,9/13/2021,205,1,4,0.745454545,8.5,820,0
143,1,5,2,9/13/2021,185,3,5,0.672727273,8,2775,1
144,1,5,2,9/13/2021,165,1,9,0.6,8,1485,2
145,1,8,2,9/14/2021,75,3,15,,,3375,0
146,1,22,2,9/14/2021,45,3,12,,,1620,0
147,1,46,2,9/14/2021,10,3,10,,,300,0
148,1,9,2,9/14/2021,65,3,20,,,3900,0
149,1,24,2,9/14/2021,100,3,15,,,4500,0
150,1,13,2,9/14/2021,0,3,15,,,0,0
151,1,14,2,9/17/2021,455,1,3,0.91,8.5,1365,0
152,1,14,2,9/17/2021,405,5,4,0.81,8.5,8100,1
153,1,25,2,9/17/2021,315,3,7,0.777777778,,6615,0
154,1,5,2,9/17/2021,205,1,1,0.745454545,7,205,0
155,1,5,2,9/17/2021,155,3,8,0.563636364,7,3720,1
156,1,20,2,9/17/2021,70,4,12,,,3360,0
157,1,25,2,9/19/2021,315,5,4,0.777777778,6,6300,0
158,1,8,2,9/19/2021,85,3,15,,,3825,0
159,1,28,2,9/19/2021,135,1,7,0.6,6,945,0
160,1,28,2,9/19/2021,135,3,9,0.6,6,3645,1
161,1,9,2,9/19/2021,57,3,20,,,3420,0
162,1,18,2,9/19/2021,17.5,3,15,,,787.5,0
163,1,24,2,9/19/2021,100,3,15,,,4500,0
164,1,16,2,9/20/2021,345,1,1,0.945205479,7,345,0
165,1,16,2,9/20/2021,315,3,5,0.863013699,7,4725,1
166,1,5,2,9/20/2021,185,1,4,0.672727273,6,740,0
167,1,5,2,9/20/2021,165,3,5,0.6,6,2475,1
168,1,22,2,9/20/2021,50,4,12,,,2400,0
169,1,46,2,9/20/2021,10,3,10,,,300,0
170,1,29,2,9/20/2021,50,3,10,,,1500,0
171,1,14,2,9/24/2021,405,1,3,0.81,6,1215,0
172,1,14,2,9/24/2021,365,4,4,0.73,6,5840,1
173,1,25,2,9/24/2021,315,2,7,0.777777778,,4410,0
174,1,42,2,9/24/2021,315,1,6,0.692307692,6,1890,0
175,1,5,2,9/24/2021,205,1,1,0.745454545,7,205,0
176,1,5,2,9/24/2021,135,2,8,0.490909091,7,2160,1
177,1,20,2,9/24/2021,70,4,12,,,3360,0
178,1,18,2,9/24/2021,15,3,15,,,675,0
179,1,42,2,9/25/2021,335,6,3,0.736263736,6,6030,0
180,1,8,2,9/25/2021,95,3,15,,,4275,0
181,1,28,2,9/25/2021,185,1,5,0.822222222,6,925,0
182,1,28,2,9/25/2021,150,3,7,0.666666667,6,3150,1
183,1,9,2,9/25/2021,67,3,20,,,4020,0
184,1,27,2,9/25/2021,35,3,12,,,1260,0
185,1,24,2,9/25/2021,105,1,15,,,1575,0
186,1,24,2,9/25/2021,110,2,15,,,3300,1
187,1,16,2,9/27/2021,355,1,1,0.97260274,7,355,0
188,1,16,2,9/27/2021,325,4,6,0.890410959,7,7800,1
189,1,5,2,9/27/2021,205,1,3,0.745454545,6,615,0
190,1,5,2,9/27/2021,185,1,3,0.672727273,6,555,1
191,1,5,2,9/27/2021,175,4,4,0.636363636,6,2800,2
192,1,22,2,9/27/2021,55,3,12,,,1980,0
193,1,36,2,9/27/2021,0,3,7,,,0,0
194,1,46,2,9/27/2021,10,2,10,,,200,0
195,1,25,2,9/29/2021,335,1,1,0.827160494,7,335,0
196,1,25,2,9/29/2021,315,3,7,0.777777778,7,6615,1
197,1,10,2,9/29/2021,80,4,8,,,2560,0
198,1,5,2,9/29/2021,225,1,4,0.818181818,8,900,0
199,1,5,2,9/29/2021,185,3,5,0.672727273,7,2775,1
200,1,14,2,10/1/2021,455,1,1,0.91,8.5,455,0
201,1,14,2,10/1/2021,365,6,3,0.73,6,6570,1
202,1,42,2,10/1/2021,315,3,7,0.692307692,6,6615,0
203,1,5,2,10/1/2021,225,1,1,0.818181818,8,225,0
204,1,5,2,10/1/2021,155,3,8,0.563636364,6,3720,1
205,1,20,2,10/1/2021,80,3,12,,,2880,0
206,1,27,2,10/1/2021,35,2,10,,,700,0
207,1,27,2,10/1/2021,25,1,8,,,200,1
208,1,42,2,10/2/2021,355,3,6,0.78021978,6.5,6390,0
209,1,8,2,10/2/2021,115,3,10,,,3450,0
210,1,28,2,10/2/2021,155,1,5,0.688888889,6.5,775,0
211,1,28,2,10/2/2021,135,3,7,0.6,6.5,2835,1
212,1,9,2,10/2/2021,67,3,20,,,4020,0
213,1,40,2,10/2/2021,35,3,10,,,1050,0
214,1,16,2,10/4/2021,365,1,1,1,7,365,0
215,1,16,2,10/4/2021,325,4,5,0.890410959,7,6500,1
216,1,36,2,10/4/2021,0,3,10,,,0,0
217,1,46,2,10/4/2021,10,2,10,,,200,0
218,1,5,2,10/4/2021,205,2,3,0.745454545,7.5,1230,0
219,1,5,2,10/4/2021,185,4,4,0.672727273,7,2960,1
220,1,22,2,10/4/2021,60,3,12,,,2160,0
221,1,14,2,10/8/2021,435,1,3,0.87,6.5,1305,0
222,1,14,2,10/8/2021,405,6,3,0.81,6.5,7290,1
223,1,42,2,10/8/2021,365,1,1,0.802197802,8,365,0
224,1,42,2,10/8/2021,315,1,7,0.692307692,6,2205,1
225,1,5,2,10/8/2021,225,1,1,0.818181818,8,225,0
226,1,5,2,10/8/2021,185,3,8,0.672727273,7,4440,1
227,1,20,2,10/8/2021,80,4,12,,,3840,0
228,1,42,2,10/9/2021,365,6,2,0.802197802,7.5,4380,0
229,1,8,2,10/9/2021,125,3,10,,,3750,0
230,1,40,2,10/9/2021,35,3,10,,,1050,0
231,1,9,2,10/9/2021,65,3,20,,,3900,0
232,1,28,2,10/9/2021,185,1,4,0.822222222,7,740,0
233,1,28,2,10/9/2021,155,3,6,0.688888889,6,2790,1
234,1,16,2,10/11/2021,375,1,1,1.02739726,7,375,0
235,1,16,2,10/11/2021,335,4,5,0.917808219,7,6700,1
236,1,5,2,10/11/2021,230,1,2,0.836363636,8,460,0
237,1,5,2,10/11/2021,205,1,2,0.745454545,6,410,1
238,1,5,2,10/11/2021,205,4,3,0.745454545,6.5,2460,2
239,1,22,2,10/11/2021,55,3,10,,,1650,0
240,1,36,2,10/11/2021,0,3,8,,,0,0
241,1,46,2,10/11/2021,10,2,10,,,200,0
242,1,25,2,10/13/2021,385,1,1,0.950617284,8.5,385,0
243,1,25,2,10/13/2021,405,1,1,1,9,405,1
244,1,5,2,10/13/2021,225,1,5,0.818181818,7,1125,0
245,1,5,2,10/13/2021,185,3,5,0.672727273,6,2775,1
246,1,10,2,10/13/2021,80,4,8,,,2560,0
247,1,22,2,10/13/2021,55,3,10,,,1650,0
248,1,25,2,10/13/2021,315,4,5,0.777777778,7,6300,2
249,1,42,2,10/18/2021,405,1,2,0.89010989,7,810,0
250,1,42,2,10/18/2021,365,1,2,0.802197802,7,730,1
251,1,42,2,10/18/2021,335,1,8,0.736263736,6,2680,2
252,1,5,2,10/18/2021,245,1,2,0.890909091,7,490,0
253,1,5,2,10/18/2021,225,3,5,0.818181818,6.5,3375,1
254,1,27,2,10/18/2021,35,3,10,,,1050,0
255,1,36,2,10/18/2021,0,3,10,,,0,0
256,1,46,2,10/18/2021,10,2,10,,,200,0
257,1,25,2,10/20/2021,405,1,1,1,8.5,405,0
258,1,25,2,10/20/2021,335,4,5,0.827160494,6,6700,1
259,1,22,2,10/20/2021,65,3,10,,,1950,0
260,1,14,2,10/22/2021,455,1,3,0.91,8,1365,0
261,1,14,2,10/22/2021,475,1,1,0.95,10,475,1
262,1,42,2,10/22/2021,405,1,1,0.89010989,8.5,405,0
263,1,5,2,10/22/2021,265,1,1,0.963636364,10,265,0
264,1,42,2,10/23/2021,425,1,1,0.934065934,9,425,0
265,1,5,2,10/23/2021,255,1,1,0.927272727,7,255,0
266,1,5,2,10/23/2021,235,2,2,0.854545455,8,940,1
267,1,25,2,10/26/2021,405,1,1,1,9.5,405,0
268,1,42,2,10/26/2021,315,4,5,0.692307692,6,6300,0
269,1,14,2,10/26/2021,455,1,1,0.91,8,455,0
270,1,14,2,10/26/2021,405,4,1,0.81,7,1620,1
271,1,42,2,10/27/2021,385,1,1,0.846153846,10,385,0
272,1,42,2,10/27/2021,335,2,5,0.736263736,7,3350,1
273,1,42,2,10/27/2021,275,2,8,0.604395604,5,4400,2
274,1,5,2,10/27/2021,225,5,3,0.818181818,7,3375,0
275,1,14,2,10/29/2021,455,1,1,0.91,9,455,0
276,1,14,2,10/29/2021,405,2,1,0.81,7,810,1
277,1,14,2,10/29/2021,405,2,6,0.81,7,4860,2
278,1,5,2,10/29/2021,245,1,2,0.890909091,8.5,490,0
279,1,5,2,10/29/2021,225,3,5,0.818181818,7,3375,1
280,1,14,2,11/1/2021,455,1,1,0.91,8,455,0
281,1,14,2,11/1/2021,405,2,6,0.81,7,4860,1
282,1,42,2,11/1/2021,275,4,5,0.604395604,5,5500,0
283,1,5,2,11/1/2021,155,3,6,0.563636364,6,2790,0
284,1,42,2,11/3/2021,405,1,1,0.89010989,8,405,0
285,1,42,2,11/3/2021,350,4,5,0.769230769,8,7000,1
286,1,5,2,11/3/2021,225,1,3,0.818181818,7,675,0
287,1,14,2,11/6/2021,505,1,1,1.01,10,505,0
288,1,25,2,11/6/2021,410,1,1,1.012345679,10,410,0
289,1,39,2,11/10/2021,275,5,5,,,6875,0
290,1,14,2,11/12/2021,495,1,1,0.99,10,495,0
291,1,14,2,11/12/2021,315,3,7,0.63,7,6615,1
292,1,39,2,11/12/2021,135,4,10,,,5400,0
293,1,42,2,11/14/2021,405,1,1,0.89010989,8,405,0
294,1,3,2,11/14/2021,225,2,10,,,4500,0
295,1,5,2,11/14/2021,275,1,1,1,10,275,0
296,1,25,3,11/15/2021,355,1,4,0.865853659,8,1420,0
297,1,25,3,11/15/2021,315,3,4,0.768292683,8,3780,1
298,1,8,3,11/15/2021,95,3,15,0.76,,4275,0
299,1,40,3,11/15/2021,30,3,15,0.857142857,,1350,0
300,1,28,3,11/15/2021,170,1,7,0.755555556,6.5,1190,0
301,1,28,3,11/15/2021,155,2,9,0.688888889,6.5,2790,1
302,1,9,3,11/15/2021,65,3,20,0.970149254,,3900,0
303,1,2,3,11/16/2021,365,1,1,,,365,0
304,1,2,3,11/16/2021,315,3,6,,,5670,1
305,1,5,3,11/16/2021,215,1,4,0.781818182,6,860,0
306,1,5,3,11/16/2021,195,3,5,0.709090909,6,2925,1
307,1,22,3,11/16/2021,65,1,12,1,,780,0
308,1,22,3,11/16/2021,65,1,10,1,,650,1
309,1,22,3,11/16/2021,55,2,12,0.846153846,,1320,2
310,1,46,3,11/16/2021,10,3,10,1,,300,0
311,1,39,3,11/17/2021,275,1,1,1,7,275,0
312,1,39,3,11/17/2021,245,4,8,0.890909091,6.5,7840,1
313,1,5,3,11/17/2021,205,1,6,0.745454545,6,1230,0
314,1,5,3,11/17/2021,185,2,6,0.672727273,6,2220,1
315,1,27,3,11/17/2021,45,3,15,1.285714286,,2025,0
316,1,14,3,11/19/2021,415,1,3,0.821782178,6,1245,0
317,1,14,3,11/19/2021,375,3,4,0.742574257,6,4500,1
318,1,5,3,11/19/2021,235,1,1,0.854545455,6,235,0
319,1,5,3,11/19/2021,185,2,8,0.672727273,6,2960,1
320,1,42,3,11/19/2021,275,3,8,0.604395604,5,6600,0
321,1,20,3,11/19/2021,80,4,12,1,,3840,0
322,1,46,3,11/19/2021,10,2,15,1,,300,0
323,1,42,3,11/20/2021,355,1,4,0.78021978,6,1420,0
324,1,42,3,11/20/2021,320,4,4,0.703296703,6,5120,1
325,1,28,3,11/20/2021,170,1,7,0.755555556,6.5,1190,0
326,1,28,3,11/20/2021,153,3,9,0.68,6.5,4131,1
327,1,40,3,11/20/2021,35,3,15,1,,1575,0
328,1,8,3,11/20/2021,105,3,15,0.84,,4725,0
329,1,2,3,11/22/2021,365,1,1,,,365,0
330,1,2,3,11/22/2021,315,4,6,,,7560,1
331,1,5,3,11/22/2021,215,1,4,0.781818182,6,860,0
332,1,5,3,11/22/2021,200,3,5,0.727272727,6,3000,1
333,1,5,3,11/22/2021,200,1,7,0.727272727,6,1400,2
334,1,22,3,11/22/2021,65,2,12,1,,1560,0
335,1,22,3,11/22/2021,50,2,12,0.769230769,,1200,1
336,1,3,3,11/24/2021,275,1,1,1.222222222,,275,0
337,1,3,3,11/24/2021,225,4,8,1,,7200,1
338,1,5,3,11/24/2021,205,1,6,0.745454545,6,1230,0
339,1,5,3,11/24/2021,195,3,6,0.709090909,6,3510,1
340,1,44,3,11/24/2021,60,3,15,,,2700,0
341,1,10,3,11/24/2021,100,4,10,0.909090909,,4000,0
342,1,14,3,11/26/2021,415,1,1,0.821782178,6,415,0
343,1,14,3,11/26/2021,375,4,4,0.742574257,6,6000,1
344,1,42,3,11/26/2021,275,1,7,0.604395604,5,1925,0
345,1,5,3,11/26/2021,245,1,1,0.890909091,7,245,0
346,1,5,3,11/26/2021,185,1,8,0.672727273,6,1480,1
347,1,5,3,11/26/2021,195,1,8,0.709090909,6,1560,2
348,1,5,3,11/26/2021,205,1,8,0.745454545,6,1640,3
349,1,42,3,12/4/2021,405,1,6,0.89010989,10,2430,0
350,1,42,3,12/4/2021,365,1,4,0.802197802,7,1460,1
351,1,28,3,12/4/2021,225,1,7,1,7,1575,0
352,1,2,3,12/6/2021,405,1,4,,,1620,0
353,1,14,3,12/6/2021,405,1,7,0.801980198,10,2835,0
354,1,2,3,12/6/2021,365,1,4,,,1460,1
355,1,14,3,12/6/2021,365,1,9,0.722772277,10,3285,1
356,1,2,3,12/6/2021,315,1,5,,,1575,2
357,1,28,3,12/11/2021,185,1,9,0.822222222,7.5,1665,0
358,1,28,3,12/11/2021,165,2,7,0.733333333,7.5,2310,1
359,1,42,3,12/16/2021,405,1,4,0.89010989,10,1620,0
360,1,14,3,12/17/2021,500,1,1,0.99009901,10,500,0
361,1,42,3,12/18/2021,335,3,4,0.736263736,6,4020,0
362,1,28,3,12/18/2021,185,1,7,0.822222222,7.5,1295,0
363,1,28,3,12/18/2021,165,3,9,0.733333333,7.5,4455,1
364,1,5,3,12/20/2021,225,1,4,0.818181818,7.5,900,0
365,1,5,3,12/20/2021,200,3,5,0.727272727,7.5,3000,1
366,1,5,3,12/20/2021,225,1,6,0.818181818,7.5,1350,2
367,1,32,3,12/20/2021,405,1,1,,10,405,0
368,1,32,3,12/20/2021,365,1,6,,9,2190,1
369,1,32,3,12/20/2021,315,3,6,,8,5670,2
370,1,8,3,12/21/2021,135,3,15,1.08,,6075,0
371,1,45,3,12/21/2021,180,5,5,,,4500,0
372,1,22,3,12/21/2021,55,4,12,0.846153846,,2640,0
373,1,40,3,12/21/2021,35,3,15,1,,1575,0
374,1,46,3,12/21/2021,10,3,10,1,,300,0
375,1,9,3,12/21/2021,72.5,3,20,1.082089552,,4350,0
376,1,3,3,12/22/2021,335,1,1,1.488888889,,335,0
377,1,3,3,12/22/2021,275,1,8,1.222222222,,2200,1
378,1,3,3,12/22/2021,225,3,8,1,,5400,2
379,1,6,3,12/22/2021,275,1,2,1,10,550,0
380,1,6,3,12/22/2021,250,5,3,0.909090909,8,3750,1
381,1,10,3,12/23/2021,120,4,10,1.090909091,,4800,0
382,1,44,3,12/23/2021,57,4,15,,,3420,0
383,1,26,3,12/23/2021,95,4,15,,,5700,0
384,1,14,3,12/24/2021,415,1,3,0.821782178,6,1245,0
385,1,14,3,12/24/2021,375,4,4,0.742574257,6,6000,1
386,1,5,3,12/24/2021,235,1,1,0.854545455,7,235,0
387,1,5,3,12/24/2021,185,3,8,0.672727273,7,4440,1
388,1,42,3,12/24/2021,275,3,7,0.604395604,6,5775,0
389,1,20,3,12/24/2021,100,3,15,1.25,,4500,0
390,1,42,3,12/26/2021,385,1,4,0.846153846,9,1540,0
391,1,42,3,12/26/2021,345,4,4,0.758241758,7.5,5520,1
392,1,28,3,12/26/2021,185,1,7,0.822222222,7.5,1295,0
393,1,28,3,12/26/2021,165,3,9,0.733333333,7.5,4455,1
394,1,8,3,12/28/2021,145,3,15,1.16,,6525,0
395,1,45,3,12/28/2021,145,5,10,,,7250,0
396,1,22,3,12/28/2021,60,1,12,0.923076923,,720,0
397,1,22,3,12/28/2021,70,3,12,1.076923077,,2520,1
398,1,40,3,12/28/2021,35,3,15,1,,1575,0
399,1,32,3,12/27/2021,405,1,1,,10,405,0
400,1,32,3,12/27/2021,315,4,6,,7,7560,1
401,1,5,3,12/27/2021,225,1,4,0.818181818,7,900,0
402,1,5,3,12/27/2021,205,3,5,0.745454545,6,3075,1
403,1,5,3,12/27/2021,205,1,8,0.745454545,6,1640,2
404,1,42,3,1/5/2022,425,1,1,0.934065934,10,425,0
405,1,42,3,1/5/2022,315,4,4,0.692307692,5,5040,1
406,1,14,3,1/7/2022,455,1,3,0.900990099,9,1365,0
407,1,14,3,1/7/2022,405,4,4,0.801980198,7,6480,1
408,1,5,3,1/7/2022,245,1,1,0.890909091,8,245,0
409,1,5,3,1/7/2022,185,2,8,0.672727273,7,2960,1
410,1,5,3,1/7/2022,185,1,4,0.672727273,5,740,2
411,1,20,3,1/7/2022,75,4,12,0.9375,,3600,0
412,1,42,3,1/8/2022,385,1,4,0.846153846,9,1540,0
413,1,42,3,1/8/2022,350,4,4,0.769230769,8.5,5600,1
414,1,28,3,1/8/2022,185,1,9,0.822222222,7.5,1665,0
415,1,28,3,1/8/2022,165,3,9,0.733333333,7.5,4455,1
416,1,8,3,1/9/2022,135,3,15,1.08,,6075,0
417,1,40,3,1/9/2022,30,3,15,0.857142857,,1350,0
418,1,9,3,1/9/2022,65,3,20,0.970149254,,3900,0
419,1,32,3,1/11/2022,405,1,1,,8,405,0
420,1,32,3,1/11/2022,455,1,1,,10,455,1
421,1,2,3,1/11/2022,345,3,6,,9,6210,0
422,1,2,3,1/11/2022,315,1,6,,8,1890,1
423,1,5,3,1/11/2022,225,1,4,0.818181818,7,900,0
424,1,5,3,1/11/2022,225,3,5,0.818181818,7,3375,1
425,1,5,3,1/11/2022,205,1,7,0.745454545,6,1435,2
426,1,46,3,1/11/2022,10,3,10,1,,300,0
427,1,39,3,1/12/2022,225,4,8,0.818181818,,7200,0
428,1,5,3,1/12/2022,225,1,6,0.818181818,9,1350,0
429,1,5,3,1/12/2022,175,3,6,0.636363636,7,3150,1
430,1,10,3,1/13/2022,100,4,10,0.909090909,,4000,0
431,1,27,3,1/13/2022,45,4,15,1.285714286,,2700,0
432,1,44,3,1/13/2022,50,4,15,,,3000,0
433,1,14,3,1/17/2022,495,1,3,0.98019802,10,1485,0
434,1,14,3,1/17/2022,405,2,4,0.801980198,8.5,3240,1
435,1,5,3,1/17/2022,225,1,4,0.818181818,7,900,0
436,1,5,3,1/17/2022,245,1,1,0.890909091,7.5,245,1
437,1,5,3,1/17/2022,205,3,8,0.745454545,7,4920,2
438,1,8,3,1/18/2022,145,3,15,1.16,,6525,0
439,1,10,3,1/18/2022,95,4,10,0.863636364,,3800,0
440,1,46,3,1/18/2022,10,3,10,1,,300,0
441,1,9,3,1/18/2022,65,3,20,0.970149254,,3900,0
442,1,42,3,1/15/2022,415,1,4,0.912087912,9.5,1660,0
443,1,6,3,1/15/2022,295,1,1,1.072727273,,295,0
444,1,6,3,1/15/2022,245,5,3,0.890909091,,3675,1
445,1,8,3,1/19/2022,145,3,15,1.16,,6525,0
446,1,26,3,1/19/2022,95,3,15,,,4275,0
447,1,9,3,1/19/2022,65,3,20,0.970149254,,3900,0
448,1,46,3,1/19/2022,10,3,10,1,,300,0
449,1,14,3,1/21/2022,415,1,3,0.821782178,8,1245,0
450,1,14,3,1/21/2022,365,4,4,0.722772277,7,5840,1
451,1,42,3,1/21/2022,300,3,7,0.659340659,5,6300,0
452,1,5,3,1/21/2022,245,1,1,0.890909091,7,245,0
453,1,5,3,1/21/2022,205,2,8,0.745454545,7,3280,1
454,1,20,3,1/21/2022,100,4,15,1.25,,6000,0
455,1,18,3,1/21/2022,15,3,15,0.857142857,,675,0
456,1,42,3,1/22/2022,385,1,3,0.846153846,8.5,1155,0
457,1,42,3,1/22/2022,355,1,3,0.78021978,8,1065,1
458,1,6,3,1/22/2022,275,1,1,1,,275,0
459,1,6,3,1/22/2022,245,5,3,0.890909091,,3675,1
460,1,32,3,1/22/2022,365,1,1,,,365,0
461,1,5,3,1/22/2022,225,1,7,0.818181818,10,1575,0
462,1,5,3,1/22/2022,205,4,4,0.745454545,8,3280,1
463,1,5,3,1/24/2022,225,1,7,0.818181818,10,1575,0
464,1,5,3,1/24/2022,205,4,4,0.745454545,8,3280,1
465,1,8,3,1/25/2022,135,3,15,1.08,,6075,0
466,1,38,3,1/25/2022,135,3,15,0.415384615,,6075,0
467,1,22,3,1/25/2022,65,4,12,1,,3120,0
468,1,40,3,1/25/2022,40,4,12,1.142857143,,1920,0
469,1,29,3,1/25/2022,65,4,10,0.8125,,2600,0
470,1,39,3,1/26/2022,315,1,1,1.145454545,,315,0
471,1,39,3,1/26/2022,225,3,6,0.818181818,,4050,1
472,1,5,3,1/26/2022,265,1,1,0.963636364,9,265,0
473,1,5,3,1/26/2022,225,1,7,0.818181818,9,1575,1
474,1,5,3,1/26/2022,225,1,4,0.818181818,8,900,2
475,1,26,3,1/27/2022,95,4,15,,,5700,0
476,1,44,3,1/27/2022,45,3,15,,,2025,0
477,1,10,3,1/27/2022,100,4,10,0.909090909,,4000,0
478,1,5,3,1/28/2022,275,1,1,1,9.5,275,0
479,1,5,3,1/28/2022,285,1,1,1.036363636,10,285,1
480,1,5,3,1/28/2022,205,3,8,0.745454545,7,4920,2
481,1,6,3,1/29/2022,315,1,1,1.145454545,,315,0
482,1,6,3,1/29/2022,285,3,3,1.036363636,,2565,1
483,1,14,3,1/31/2022,405,1,1,0.801980198,5,405,0
484,1,42,3,1/31/2022,315,4,4,0.692307692,7,5040,0
485,1,42,3,2/1/2022,385,1,1,0.846153846,7,385,0
486,1,42,3,2/1/2022,315,2,5,0.692307692,5,3150,1
487,1,5,3,2/1/2022,275,1,1,1,9,275,0
488,1,5,3,2/1/2022,245,1,4,0.890909091,9,980,1
489,1,5,3,2/1/2022,225,1,7,0.818181818,9.5,1575,2
490,1,5,3,2/1/2022,185,1,4,0.672727273,7,740,3
491,1,8,3,2/3/2022,135,3,10,1.08,,4050,0
492,1,26,3,2/3/2022,95,3,15,,,4275,0
493,1,14,3,2/4/2022,455,1,1,0.900990099,8,455,0
494,1,14,3,2/4/2022,365,1,1,0.722772277,6,365,1
495,1,5,3,2/4/2022,215,3,8,0.781818182,7,5160,0
496,1,18,3,2/4/2022,15,3,15,0.857142857,,675,0
497,1,42,3,2/5/2022,405,1,2,0.89010989,8.5,810,0
498,1,14,3,2/5/2022,455,1,1,0.900990099,8,455,0
499,1,6,3,2/5/2022,275,1,1,1,,275,0
500,1,6,3,2/5/2022,245,1,5,0.890909091,,1225,1
501,1,42,1,8/10/2021,455,1,1,,10,455,0
502,1,5,1,8/10/2021,275,1,1,,10,275,0
503,1,14,1,8/10/2021,500,1,1,,10,500,0
504,1,25,1,8/10/2021,405,1,1,,10,405,0
505,1,28,1,8/10/2021,225,1,1,,10,225,0
506,1,16,1,8/10/2021,365,1,1,,10,365,0
507,1,6,2,11/14/2021,275,1,1,,,275,0
508,1,14,3,2/11/2022,495,1,1,0.98019802,9.5,495,0
509,1,42,3,2/11/2022,315,4,7,0.692307692,6.5,8820,0
510,1,5,3,2/11/2022,225,1,4,0.818181818,6.5,900,0
511,1,42,3,2/14/2022,405,4,2,0.89010989,9.5,3240,0
512,1,42,3,2/14/2022,315,3,7,0.692307692,7.5,6615,1
513,1,14,3,2/16/2022,405,2,1,0.801980198,6,810,0
514,1,14,3,2/16/2022,315,1,12,0.623762376,8,3780,1
515,1,39,3,2/16/2022,185,3,10,0.672727273,,5550,0
516,1,14,3,2/18/2022,455,1,3,0.900990099,9.5,1365,0
517,1,14,3,2/18/2022,495,1,2,0.98019802,10,990,1
518,1,5,3,2/18/2022,245,1,4,0.890909091,8.5,980,0
519,1,5,3,2/18/2022,235,1,5,0.854545455,8,1175,1
520,1,5,3,2/18/2022,225,1,6,0.818181818,8,1350,2
521,1,5,3,2/19/2022,275,1,1,1,8.5,275,0
522,1,5,3,2/19/2022,225,1,7,0.818181818,8,1575,1
523,1,42,4,2/26/2022,405,1,2,0.89010989,8,810,0
524,1,42,4,2/26/2022,315,1,10,0.692307692,6,3150,1
525,1,39,4,2/28/2022,275,3,8,0.873015873,,6600,0
526,1,39,4,2/28/2022,315,2,2,1,,1260,1
527,1,5,4,3/1/2022,245,1,1,0.859649123,7,245,0
528,1,5,4,3/1/2022,225,4,4,0.789473684,7,3600,1
529,1,5,4,3/1/2022,185,1,7,0.649122807,6,1295,2
530,1,39,4,3/2/2022,285,3,8,0.904761905,,6840,0
531,1,39,4,3/2/2022,300,1,5,0.952380952,,1500,1
532,1,39,4,3/2/2022,315,2,2,1,,1260,2
533,1,5,4,3/2/2022,225,1,4,0.789473684,8,900,0
534,1,5,4,3/2/2022,225,2,5,0.789473684,8,2250,1
535,1,5,4,3/2/2022,225,2,3,0.789473684,8,1350,2
536,1,14,5,3/27/2022,455,1,1,0.900990099,8,455,0
537,1,14,5,3/27/2022,405,2,6,0.801980198,6.5,4860,1
538,1,14,5,3/27/2022,315,1,6,0.623762376,5,1890,2
539,1,14,5,3/27/2022,225,2,10,0.445544554,5,4500,3
540,1,5,5,3/27/2022,275,1,2,0.964912281,10,550,0
541,1,5,5,3/27/2022,225,2,5,0.789473684,8.5,2250,1
542,1,5,5,3/27/2022,225,1,3,0.789473684,7,675,2
543,1,32,5,3/29/2022,275,6,6,0.604395604,6,9900,0
544,1,14,5,3/29/2022,225,1,10,0.445544554,6,2250,0
545,1,5,5,3/29/2022,275,1,1,0.964912281,8,275,0
546,1,5,5,3/29/2022,205,2,7,0.719298246,7,2870,1
547,1,5,5,3/29/2022,205,1,6,0.719298246,7,1230,2
548,1,14,5,4/2/2022,425,1,8,0.841584158,9,3400,0
549,1,14,5,4/2/2022,365,3,6,0.722772277,6.5,6570,1
550,1,2,5,4/2/2022,225,2,10,0.555555556,5,4500,0
551,1,5,5,4/2/2022,225,1,8,0.789473684,10,1800,0
552,1,31,5,4/2/2022,45,5,10,,,2250,0
553,1,32,5,4/5/2022,315,6,6,0.692307692,8,11340,0
554,1,2,5,4/5/2022,225,1,10,0.555555556,5,2250,0
555,1,42,5,4/5/2022,225,5,5,0.494505495,5,5625,0
556,1,5,5,4/7/2022,225,8,3,0.789473684,6,5400,0
557,1,4,5,4/7/2022,185,5,5,,,4625,0
558,1,4,5,4/7/2022,135,5,10,,,6750,1
559,1,29,5,4/7/2022,100,5,10,1.25,,5000,0
560,1,14,5,4/9/2022,455,1,6,0.900990099,9.5,2730,0
561,1,14,5,4/9/2022,405,3,6,0.801980198,10,7290,1
562,1,2,5,4/9/2022,225,1,10,0.555555556,,2250,0
563,1,5,5,4/9/2022,245,1,5,0.859649123,10,1225,0
564,1,5,5,4/9/2022,245,2,3,0.859649123,9,1470,1
565,1,5,5,4/9/2022,225,1,3,0.789473684,7,675,2
566,1,5,5,4/9/2022,185,1,9,0.649122807,7,1665,3
567,1,31,5,4/9/2022,45,4,15,,,2700,0
568,1,32,5,4/12/2022,335,6,6,0.736263736,9,12060,0
569,1,42,5,4/12/2022,315,5,5,0.692307692,5,7875,0
570,1,5,5,4/14/2022,275,1,2,0.964912281,10,550,0
571,1,5,5,4/14/2022,225,6,4,0.789473684,9,5400,1
572,1,4,5,4/14/2022,185,5,5,,,4625,0
573,1,4,5,4/14/2022,135,5,10,,,6750,1
574,1,29,5,4/14/2022,100,5,10,1.25,,5000,0
575,1,14,5,4/18/2022,495,1,3,0.98019802,10,1485,0
576,1,14,5,4/18/2022,425,4,4,0.841584158,9.5,6800,1
577,1,2,5,4/18/2022,225,2,10,0.555555556,5,4500,0
578,1,5,5,4/18/2022,245,1,1,0.859649123,8,245,0
579,1,5,5,4/18/2022,185,4,7,0.649122807,7,5180,1
580,1,32,5,4/20/2022,365,8,4,0.802197802,8,11680,0
581,1,42,5,4/20/2022,315,5,5,0.692307692,5,7875,0
582,1,14,5,4/28/2022,515,1,1,1.01980198,10,515,0
583,1,14,5,4/28/2022,495,1,1,0.98019802,10,495,1
584,1,14,5,4/28/2022,315,3,5,0.623762376,5,4725,2
585,1,5,5,4/28/2022,275,1,1,0.964912281,9,275,0
586,1,5,5,4/28/2022,225,5,5,0.789473684,7,5625,1
587,1,42,5,5/2/2022,315,1,1,0.692307692,7,315,0
588,1,14,5,5/2/2022,315,1,1,0.623762376,5,315,0
589,1,5,5,5/2/2022,225,1,1,0.789473684,6,225,0
590,1,14,5,5/5/2022,520,1,1,1.02970297,10,520,0
591,1,42,6,5/7/2022,275,3,8,0.604395604,7,6600,0
592,1,42,6,5/7/2022,300,1,5,0.659340659,7,1500,1
593,1,42,6,5/7/2022,315,2,2,0.692307692,7,1260,2
594,1,23,6,5/7/2022,0,2,35,,,0,0
595,1,42,6,5/7/2022,405,1,1,0.89010989,9,405,3
596,1,23,6,5/7/2022,0,3,15,,,0,1
597,1,5,6,5/9/2022,225,1,2,0.789473684,6,450,0
598,1,5,6,5/9/2022,215,1,8,0.754385965,7,1720,1
599,1,5,6,5/9/2022,185,3,7,0.649122807,7,3885,2
600,1,34,6,5/12/2022,225,3,7,,7,4725,0
601,1,34,6,5/12/2022,225,1,6,,9,1350,1
602,1,44,6,5/12/2022,50,5,15,0.833333333,,3750,0
603,1,29,6,5/12/2022,120,3,10,1.2,,3600,0
604,1,14,6,5/15/2022,455,1,6,0.875,10,2730,0
605,1,14,6,5/15/2022,365,3,6,0.701923077,9,6570,1
606,1,2,6,5/15/2022,225,2,10,0.555555556,5,4500,0
607,1,42,6,5/16/2022,405,1,1,0.89010989,9,405,0
608,1,42,6,5/16/2022,425,1,1,0.934065934,9.5,425,1
609,1,5,6,5/16/2022,275,1,1,0.964912281,8.5,275,0
610,1,5,6,5/16/2022,225,1,10,0.789473684,10,2250,1
611,1,44,6,5/16/2022,50,5,15,0.833333333,,3750,0
612,1,32,6,5/19/2022,315,6,6,0.692307692,7,11340,0
613,1,34,6,5/19/2022,245,8,3,,10,5880,0
614,1,29,6,5/19/2022,120,5,10,1.2,,6000,0
615,1,42,6,5/20/2022,315,3,9,0.692307692,7,8505,0
616,1,42,6,5/20/2022,335,1,5,0.736263736,6,1675,1
617,1,42,6,5/20/2022,365,2,2,0.802197802,8,1460,2
618,1,23,6,5/20/2022,25,5,25,,7,3125,0
619,1,14,6,5/23/2022,455,1,1,0.875,8.5,455,0
620,1,14,6,5/23/2022,405,1,11,0.778846154,10,4455,1
621,1,14,6,5/23/2022,365,3,6,0.701923077,8,6570,2
622,1,4,6,5/23/2022,135,3,10,0.72972973,,4050,0
623,1,5,6,5/24/2022,245,1,7,0.859649123,9.5,1715,0
624,1,5,6,5/24/2022,185,3,8,0.649122807,7,4440,1
625,1,5,6,5/24/2022,135,2,10,0.473684211,7,2700,2
626,1,44,6,5/24/2022,50,3,15,0.833333333,,2250,0
627,1,29,6,5/24/2022,120,2,10,1.2,,2400,0
628,1,32,6,5/26/2022,335,6,6,0.736263736,6,12060,0
629,1,34,6,5/26/2022,255,9,2,,9,4590,0
630,1,44,6,5/26/2022,50,5,15,0.833333333,,3750,0
631,1,42,6,5/27/2022,325,3,8,0.714285714,9,7800,0
632,1,42,6,5/27/2022,345,1,5,0.758241758,8.5,1725,1
633,1,42,6,5/27/2022,375,2,2,0.824175824,9.5,1500,2
634,1,23,6,5/27/2022,45,5,15,,,3375,0
635,1,14,6,5/30/2022,425,1,9,0.817307692,10,3825,0
636,1,14,6,5/30/2022,385,3,6,0.740384615,8,6930,1
637,1,10,6,5/30/2022,120,5,10,1,,6000,0
638,1,21,6,5/30/2022,25,3,20,,,1500,0
639,1,5,6,5/31/2022,255,1,6,0.894736842,10,1530,0
640,1,5,6,5/31/2022,195,3,8,0.684210526,8,4680,1
641,1,5,6,5/31/2022,145,2,10,0.50877193,6,2900,2
642,1,44,6,5/31/2022,50,5,15,0.833333333,,3750,0
643,1,32,6,6/2/2022,365,6,6,0.802197802,7,13140,0
644,1,34,6,6/2/2022,275,10,1,,10,2750,0
645,1,44,6,6/2/2022,50,5,15,0.833333333,,3750,0
646,1,42,6,6/3/2022,335,3,8,0.736263736,7.5,8040,0
647,1,42,6,6/3/2022,365,1,5,0.802197802,8,1825,1
648,1,42,6,6/3/2022,405,1,1,0.89010989,10,405,2
649,1,14,6,6/6/2022,495,1,2,0.951923077,9.5,990,0
650,1,14,6,6/6/2022,495,1,1,0.951923077,9.5,495,1
651,1,14,6,6/6/2022,425,4,4,0.817307692,9.5,6800,2
652,1,10,6,6/6/2022,120,5,10,1,,6000,0
653,1,5,6,6/7/2022,275,1,2,0.964912281,10,550,0
654,1,5,6,6/7/2022,205,3,5,0.719298246,8,3075,1
655,1,44,6,6/7/2022,50,5,15,0.833333333,,3750,0
656,1,14,6,6/9/2022,405,6,6,0.778846154,9.5,14580,0
657,1,42,6,6/9/2022,365,3,5,0.802197802,8.5,5475,0
658,1,42,6,6/14/2022,425,1,1,0.934065934,9.5,425,0
659,1,42,6,6/14/2022,365,5,5,0.802197802,8,9125,1
660,1,23,6,6/14/2022,70,5,15,,,5250,0
661,1,14,6,6/16/2022,425,1,5,0.817307692,7,2125,0
662,1,14,6,6/16/2022,425,4,5,0.817307692,9,8500,1
663,1,14,6,6/16/2022,475,1,1,0.913461538,8,475,2
664,1,4,6,6/16/2022,135,5,10,0.72972973,,6750,0
665,1,10,6,6/16/2022,120,5,10,1,,6000,0
666,1,42,6,6/17/2022,425,1,1,0.934065934,10,425,0
667,1,42,6,6/17/2022,315,3,8,0.692307692,7.5,7560,1
668,1,23,6,6/17/2022,70,5,15,,,5250,0
669,1,14,6,6/20/2022,455,5,4,0.875,10,9100,0
670,1,4,6,6/20/2022,135,5,10,0.72972973,,6750,0
671,1,10,6,6/20/2022,120,5,15,1,,9000,0
672,1,32,6,6/23/2022,385,8,4,0.846153846,6,12320,0
673,1,4,6,6/23/2022,135,5,15,0.72972973,,10125,0
674,1,42,6,6/24/2022,385,6,4,0.846153846,8.5,9240,0
675,1,23,6,6/24/2022,80,3,15,,,3600,0
676,1,5,6,6/24/2022,135,2,10,0.473684211,2,2700,0
677,1,14,6,6/27/2022,475,5,3,0.913461538,10,7125,0
678,1,14,6,6/27/2022,495,1,1,0.951923077,9.5,495,1
679,1,4,6,6/27/2022,135,5,10,0.72972973,,6750,0
680,1,10,6,6/27/2022,120,4,15,1,,7200,0
681,1,5,6,6/28/2022,225,5,3,0.789473684,8,3375,0
682,1,5,6,6/28/2022,185,2,8,0.649122807,8,2960,1
683,1,44,6,6/28/2022,57,5,15,0.95,,4275,0
684,1,32,6,6/30/2022,405,8,4,0.89010989,9,12960,0
685,1,4,6,6/30/2022,135,5,10,0.72972973,,6750,0
686,1,29,6,6/30/2022,120,2,8,1.2,,1920,0
687,1,42,6,7/1/2022,405,4,2,0.89010989,10,3240,0
688,1,42,6,7/1/2022,315,2,6,0.692307692,5,3780,1
689,1,23,6,7/1/2022,85,5,15,,,6375,0
690,1,14,6,7/7/2022,525,1,1,1.009615385,9.5,525,0
691,1,32,6,7/7/2022,425,5,4,0.934065934,9.5,8500,0
692,1,5,6,7/7/2022,245,1,1,0.859649123,8.5,245,0
693,1,5,6,7/7/2022,225,3,5,0.789473684,8,3375,1
694,1,42,6,7/8/2022,455,1,1,1,9.5,455,0
695,1,42,6,7/8/2022,365,3,4,0.802197802,7,4380,1
696,1,42,6,7/8/2022,315,2,6,0.692307692,5,3780,2
697,1,23,6,7/8/2022,90,5,15,,,6750,0
698,1,14,6,7/11/2022,495,6,1,0.951923077,10,2970,0
699,1,14,6,7/11/2022,405,3,5,0.778846154,5,6075,1
700,1,42,6,7/12/2022,365,4,4,0.802197802,8.5,5840,0
701,1,23,6,7/12/2022,100,4,15,,,6000,0
702,1,14,6,7/14/2022,455,4.75,4,0.875,9.5,8645,0
703,1,14,6,7/14/2022,495,1,1,0.951923077,9.5,495,1
704,1,14,6,7/14/2022,405,2,4,0.778846154,7,3240,2
705,1,42,6,7/15/2022,405,3.66,3,0.89010989,9.5,4446.9,0
706,1,42,6,7/15/2022,315,1,6,0.692307692,6,1890,1
707,1,23,6,7/15/2022,95,3,15,,,4275,0
708,1,5,6,7/15/2022,225,1,3,0.789473684,8,675,0
709,1,12,6,7/15/2022,135,2,8,,6,2160,0
710,1,42,6,7/18/2022,315,4,3,0.692307692,5,3780,0
711,1,5,6,7/18/2022,260,1,1,0.912280702,9.5,260,0
712,1,12,6,7/18/2022,185,1.75,8,,7,2590,0
713,1,42,6,7/24/2022,435,1,1,0.956043956,8.5,435,0
714,1,5,6,7/24/2022,270,1,1,0.947368421,9.5,270,0
715,1,14,6,7/24/2022,535,1,1,1.028846154,10,535,0
